--
-- PostgreSQL database dump
--

\restrict kNWwSEOVAjl12snBK3rOnRJIP8PqrWH2F9HzVr2b5rosjJ6V5CfGdtq4u6oSBpx

-- Dumped from database version 15.17
-- Dumped by pg_dump version 15.17

SET statement_timeout = 0;
SET lock_timeout = 0;
SET idle_in_transaction_session_timeout = 0;
SET client_encoding = 'UTF8';
SET standard_conforming_strings = on;
SELECT pg_catalog.set_config('search_path', '', false);
SET check_function_bodies = false;
SET xmloption = content;
SET client_min_messages = warning;
SET row_security = off;

--
-- Data for Name: api_payload; Type: TABLE DATA; Schema: public; Owner: -
--



--
-- Data for Name: users; Type: TABLE DATA; Schema: public; Owner: -
--

INSERT INTO public.users (id, created_at, updated_at, username, email, password, full_name, enabled, account_locked, last_login, version) VALUES (2, '2026-04-12 14:58:20.047', '2026-04-12 14:58:20.047', 'viewer', 'viewer@gmial.com', '$2a$10$KUyWcslH0bVuv2TPZgyUKOXUyk3dEx88THOjDOoTj4gop.0sHFPQG', 'viewer', true, false, NULL, 0);
INSERT INTO public.users (id, created_at, updated_at, username, email, password, full_name, enabled, account_locked, last_login, version) VALUES (3, '2026-04-12 15:00:40.954', '2026-04-12 15:00:40.954', 'ttt', 'ttt@ttt.com', '$2a$10$6wEAi9K6MFz40yd93SS8ouRaEwg93d4PKedWERP7WawzodWbmRehC', 'ttt', true, false, NULL, 0);
INSERT INTO public.users (id, created_at, updated_at, username, email, password, full_name, enabled, account_locked, last_login, version) VALUES (1, '2026-01-02 06:49:49.387', '2026-01-29 03:54:19.704', 'admin', 'admin@localhost', '$2a$10$.grjzh4ZC05E0VrVrLAbn.x9tAm5r.DSSuR8.4lTHbYjtEyASpsAm', 'Admin User', true, false, 1776130024828, 107);


--
-- Data for Name: custom_script; Type: TABLE DATA; Schema: public; Owner: -
--



--
-- Data for Name: environments; Type: TABLE DATA; Schema: public; Owner: -
--

INSERT INTO public.environments (id, name, description, is_active, created_at, updated_at, created_by, updated_by, auth_config, version, variables) VALUES (3, 'production', 'Production environment', true, '2026-01-09 18:28:31.591772', '2026-01-09 18:28:31.591772', 'system', NULL, '{}', 0, '[]');
INSERT INTO public.environments (id, name, description, is_active, created_at, updated_at, created_by, updated_by, auth_config, version, variables) VALUES (2, 'staging', 'Staging environment for pre-production testing', true, '2026-01-09 18:28:31.591772', '2026-01-14 08:12:43.225159', 'system', NULL, '{}', 0, '[]');
INSERT INTO public.environments (id, name, description, is_active, created_at, updated_at, created_by, updated_by, auth_config, version, variables) VALUES (1, 'development', 'Development environment - updated', true, '2026-01-09 18:28:31.591772', '2026-03-03 06:47:05.03589', 'system', 'admin', '{"credentials": [{"id": "cred-001", "tag": "api-admin", "token": null, "appTag": "demo-api", "clientId": null, "isActive": true, "password": "mockpass123", "username": "mockadmin", "isDefault": true, "apiKeyName": null, "apiKeyValue": null, "description": "Mock API admin user - full access", "clientSecret": null, "targetPatterns": null}, {"id": "cred-002", "tag": "api-user", "token": null, "appTag": "demo-api", "clientId": null, "isActive": true, "password": "mockpass123", "username": "mockuser", "isDefault": false, "apiKeyName": null, "apiKeyValue": null, "description": "Mock API regular user", "clientSecret": null, "targetPatterns": null}, {"id": "cred-003", "tag": "api-readonly", "token": null, "appTag": "demo-api", "clientId": null, "isActive": true, "password": "mockpass123", "username": "mockreadonly", "isDefault": false, "apiKeyName": null, "apiKeyValue": null, "description": "Mock API read-only user", "clientSecret": null, "targetPatterns": null}, {"id": "cred-004", "tag": "sauce-standard", "token": null, "appTag": "saucedemo", "clientId": null, "isActive": true, "password": "secret_sauce", "username": "standard_user", "isDefault": true, "apiKeyName": null, "apiKeyValue": null, "description": "SauceDemo standard user - normal shopping flow", "clientSecret": null, "targetPatterns": null}, {"id": "cred-005", "tag": "sauce-locked", "token": null, "appTag": "saucedemo", "clientId": null, "isActive": true, "password": "secret_sauce", "username": "locked_out_user", "isDefault": false, "apiKeyName": null, "apiKeyValue": null, "description": "SauceDemo locked out user - login should fail", "clientSecret": null, "targetPatterns": null}, {"id": "cred-006", "tag": "sauce-problem", "token": null, "appTag": "saucedemo", "clientId": null, "isActive": true, "password": "secret_sauce", "username": "problem_user", "isDefault": false, "apiKeyName": null, "apiKeyValue": null, "description": "SauceDemo problem user - buggy behavior", "clientSecret": null, "targetPatterns": null}, {"id": "cred-007", "tag": "sauce-glitch", "token": null, "appTag": "saucedemo", "clientId": null, "isActive": true, "password": "secret_sauce", "username": "performance_glitch_user", "isDefault": false, "apiKeyName": null, "apiKeyValue": null, "description": "SauceDemo performance glitch user - slow responses", "clientSecret": null, "targetPatterns": null}], "authEndpoint": {"type": "BEARER", "loginMethod": "POST", "customHeaders": null, "loginEndpoint": "/auth/login", "tokenJsonPath": "$.accessToken", "refreshEndpoint": null, "loginBodyTemplate": "{\"username\": \"{{username}}\", \"password\": \"{{password}}\"}", "tokenExpirySeconds": null}, "defaultCredentialTag": "api-admin"}', 4, '[]');


--
-- Data for Name: flyway_schema_history; Type: TABLE DATA; Schema: public; Owner: -
--



--
-- Data for Name: header_injection_presets; Type: TABLE DATA; Schema: public; Owner: -
--



--
-- Data for Name: license; Type: TABLE DATA; Schema: public; Owner: -
--

INSERT INTO public.license (id, license_type, activated_at, expires_at, status, evaluation_days, app_version, created_at, updated_at, notes, version) VALUES (1, 'EVALUATION', '2026-01-02 06:41:13.307794', '2027-01-02 06:41:13.307794', 'ACTIVE', 365, '1.0.0', '2026-01-02 06:41:13.307794', '2026-01-02 06:41:13.307794', NULL, 0);


--
-- Data for Name: projects; Type: TABLE DATA; Schema: public; Owner: -
--

INSERT INTO public.projects (id, name, description, logo_url, is_active, created_at, updated_at, created_by, updated_by, version) VALUES (1, 'Default Project', 'Default project for existing environments', NULL, true, '2026-01-14 07:23:47.260807', '2026-01-14 07:23:47.260807', 'system', NULL, 0);
INSERT INTO public.projects (id, name, description, logo_url, is_active, created_at, updated_at, created_by, updated_by, version) VALUES (2, 'Test Project 1772226588', 'Testing project creation', NULL, true, '2026-02-27 21:09:48.174697', '2026-02-27 21:09:48.1747', 'admin', 'admin', 0);
INSERT INTO public.projects (id, name, description, logo_url, is_active, created_at, updated_at, created_by, updated_by, version) VALUES (3, 'acaiflow.ai', 'AcaiFlow AI Platform - Demo Project', NULL, true, '2026-03-06 05:37:16.98032', '2026-03-06 06:13:38.313332', 'admin', 'admin', 2);
INSERT INTO public.projects (id, name, description, logo_url, is_active, created_at, updated_at, created_by, updated_by, version) VALUES (4, 'highnote', 'Highnote - Payment card issuing and processing platform demo', NULL, true, '2026-03-06 17:49:47.775371', '2026-03-06 17:50:03.002685', 'admin', 'admin', 1);


--
-- Data for Name: project_environments; Type: TABLE DATA; Schema: public; Owner: -
--



--
-- Data for Name: scan_template; Type: TABLE DATA; Schema: public; Owner: -
--

INSERT INTO public.scan_template (id, category, test_type, tool_name, name, description, command_template, timeout_seconds, output_format, created_at, updated_at, parameter_schema, risk_level, version, security_domain, scan_profile, estimated_duration_seconds, cwe_coverage, owasp_coverage) VALUES (5, 'WEB', 'test1', 'test1', 'test', 'test 1', 'test 123', 300, 'JSON', '2025-12-19 18:30:35.766', '2025-12-19 18:30:35.766', NULL, 'LOW', 0, NULL, 'STANDARD', NULL, NULL, NULL);
INSERT INTO public.scan_template (id, category, test_type, tool_name, name, description, command_template, timeout_seconds, output_format, created_at, updated_at, parameter_schema, risk_level, version, security_domain, scan_profile, estimated_duration_seconds, cwe_coverage, owasp_coverage) VALUES (6, 'INFRASTRUCTURE', 'PORT_SCAN', 'TESTOOL', 'Test Template 1766187724 UPDATED', 'Updated description for testing', 'testool -target ${target} -output ${output_file}', 900, 'JSON', '2025-12-19 23:42:04.983', '2025-12-19 23:42:05.113', NULL, 'LOW', 0, NULL, 'STANDARD', NULL, NULL, NULL);
INSERT INTO public.scan_template (id, category, test_type, tool_name, name, description, command_template, timeout_seconds, output_format, created_at, updated_at, parameter_schema, risk_level, version, security_domain, scan_profile, estimated_duration_seconds, cwe_coverage, owasp_coverage) VALUES (3, 'INFRASTRUCTURE', 'PORT_SCAN', 'NMAP', 'Nmap Aggressive Scan', 'Aggressive scan with OS detection and scripts', 'nmap -sT -A -T4 ${target} -p ${ports} -oX ${output_file}', 5400, 'XML', '2025-12-19 08:05:16.3901', '2025-12-19 08:05:16.3901', '{"parameters": [{"hint": "Format: Port ranges or comma-separated ports. Examples: ''80'' (single port), ''1-1000'' (range), ''80,443,8080'' (multiple ports), ''1-65535'' (all ports). Default: 1-1000", "name": "ports", "type": "text", "label": "Port Range", "default": "1-1000", "required": false, "description": "Specify which ports to scan", "placeholder": "1-1000"}]}', 'MEDIUM', 0, NULL, 'STANDARD', NULL, NULL, NULL);
INSERT INTO public.scan_template (id, category, test_type, tool_name, name, description, command_template, timeout_seconds, output_format, created_at, updated_at, parameter_schema, risk_level, version, security_domain, scan_profile, estimated_duration_seconds, cwe_coverage, owasp_coverage) VALUES (33, 'INFRASTRUCTURE', 'VULNERABILITY_SCAN', 'TRIVY', 'Trivy Container Image Scan', 'Scan container images for OS packages, CVEs, misconfigurations, and secrets. Risk Level: LOW - Safe scanning.', 'trivy image --format json --output ${output_file} ${target}', 1800, 'JSON', '2025-12-28 04:14:56.856305', '2025-12-28 04:14:56.856305', '{"parameters": []}', 'LOW', 0, NULL, 'STANDARD', NULL, NULL, NULL);
INSERT INTO public.scan_template (id, category, test_type, tool_name, name, description, command_template, timeout_seconds, output_format, created_at, updated_at, parameter_schema, risk_level, version, security_domain, scan_profile, estimated_duration_seconds, cwe_coverage, owasp_coverage) VALUES (34, 'INFRASTRUCTURE', 'VULNERABILITY_SCAN', 'TRIVY', 'Trivy Filesystem Scan', 'Scan local filesystem for vulnerabilities in dependencies and configurations. Risk Level: LOW.', 'trivy fs --format json --output ${output_file} ${target}', 1200, 'JSON', '2025-12-28 04:14:56.856305', '2025-12-28 04:14:56.856305', '{"parameters": []}', 'LOW', 0, NULL, 'STANDARD', NULL, NULL, NULL);
INSERT INTO public.scan_template (id, category, test_type, tool_name, name, description, command_template, timeout_seconds, output_format, created_at, updated_at, parameter_schema, risk_level, version, security_domain, scan_profile, estimated_duration_seconds, cwe_coverage, owasp_coverage) VALUES (23, 'INFRASTRUCTURE', 'VULNERABILITY_SCAN', 'NMAP', 'NMAP Vulnerability Scan', 'Safe vulnerability detection using NSE vuln category. Checks for known CVEs and security issues. Risk Level: LOW - Safe for production.', 'nmap -sV --script vuln -oX ${output_file} ${target}', 3600, 'XML', '2025-12-28 03:36:41.842141', '2025-12-28 03:36:41.842141', '{"parameters": [{"hint": "Comma-separated NSE scripts or categories", "name": "scripts", "type": "text", "label": "NSE Scripts", "default": "vuln", "required": false}]}', 'LOW', 0, NULL, 'STANDARD', NULL, NULL, NULL);
INSERT INTO public.scan_template (id, category, test_type, tool_name, name, description, command_template, timeout_seconds, output_format, created_at, updated_at, parameter_schema, risk_level, version, security_domain, scan_profile, estimated_duration_seconds, cwe_coverage, owasp_coverage) VALUES (25, 'INFRASTRUCTURE', 'SSL_TLS_AUDIT', 'NMAP', 'NMAP SSL/TLS Security Audit', 'Comprehensive SSL/TLS security analysis including cipher suites, certificates, and known SSL vulnerabilities. Risk Level: LOW - Safe.', 'nmap -sV --script ssl-enum-ciphers,ssl-cert,ssl-known-key -p 443 -oX ${output_file} ${target}', 1800, 'XML', '2025-12-28 03:36:41.842141', '2025-12-28 03:36:41.842141', '{"parameters": [{"hint": "Comma-separated NSE scripts", "name": "scripts", "type": "text", "label": "NSE Scripts", "default": "ssl-enum-ciphers,ssl-cert,ssl-known-key", "required": false}, {"hint": "Ports to scan", "name": "ports", "type": "text", "label": "Ports", "default": "443", "required": false}]}', 'LOW', 0, NULL, 'STANDARD', NULL, NULL, NULL);
INSERT INTO public.scan_template (id, category, test_type, tool_name, name, description, command_template, timeout_seconds, output_format, created_at, updated_at, parameter_schema, risk_level, version, security_domain, scan_profile, estimated_duration_seconds, cwe_coverage, owasp_coverage) VALUES (26, 'INFRASTRUCTURE', 'MALWARE_DETECTION', 'NMAP', 'NMAP Malware Detection', 'Check for malware infections, backdoors, and compromised services. Risk Level: LOW - Safe for production.', 'nmap --script malware -oX ${output_file} ${target}', 1800, 'XML', '2025-12-28 03:36:41.842141', '2025-12-28 03:36:41.842141', '{"parameters": [{"hint": "Comma-separated NSE scripts or categories", "name": "scripts", "type": "text", "label": "NSE Scripts", "default": "malware", "required": false}]}', 'LOW', 0, NULL, 'STANDARD', NULL, NULL, NULL);
INSERT INTO public.scan_template (id, category, test_type, tool_name, name, description, command_template, timeout_seconds, output_format, created_at, updated_at, parameter_schema, risk_level, version, security_domain, scan_profile, estimated_duration_seconds, cwe_coverage, owasp_coverage) VALUES (28, 'INFRASTRUCTURE', 'INTRUSIVE_SCAN', 'NMAP', 'NMAP Intrusive Scan', '⚠️⚠️ EXTREME WARNING: Aggressive testing including vulnerability detection, exploitation attempts, and intrusive probes. Risk Level: VERY HIGH - May crash services, consume resources, trigger alerts. AUTHORIZED PENTESTING ONLY.', 'nmap -sV --script "vuln,exploit,intrusive" -oX ${output_file} ${target}', 7200, 'XML', '2025-12-28 03:36:41.842141', '2025-12-28 03:36:41.842141', '{"parameters": [{"hint": "Comma-separated NSE scripts or categories", "name": "scripts", "type": "text", "label": "NSE Scripts", "default": "vuln,exploit,intrusive", "required": false}]}', 'CRITICAL', 0, NULL, 'STANDARD', NULL, NULL, NULL);
INSERT INTO public.scan_template (id, category, test_type, tool_name, name, description, command_template, timeout_seconds, output_format, created_at, updated_at, parameter_schema, risk_level, version, security_domain, scan_profile, estimated_duration_seconds, cwe_coverage, owasp_coverage) VALUES (1, 'INFRASTRUCTURE', 'PORT_SCAN', 'NMAP', 'Nmap Quick Scan', 'Fast TCP SYN scan of top 1000 ports', 'nmap -sT -T4 ${target} --top-ports 1000 -oX ${output_file}', 3600, 'XML', '2025-12-19 08:05:16.3901', '2025-12-19 08:05:16.3901', '{"parameters": [{"hint": "Leave empty for top 1000 ports (default). Use 1-65535 for all ports.", "name": "ports", "type": "text", "label": "Port Range", "default": "", "required": false, "description": "Custom port range to scan", "placeholder": "1-1000, 22,80,443, or 1-65535"}, {"name": "no_ping", "type": "checkbox", "label": "Skip Ping Check (-Pn)", "default": false, "required": false, "description": "Treat host as online without ping. Required for firewalled hosts that block ICMP.", "checkboxValue": "true"}, {"hint": "0=Paranoid (IDS evasion)  1=Sneaky  2=Polite  3=Normal  4=Aggressive (default)  5=Insane (may miss ports)", "name": "timing", "type": "text", "label": "Timing Template (0-5)", "default": "4", "required": false, "description": "Scan speed vs accuracy tradeoff"}]}', 'LOW', 0, NULL, 'STANDARD', NULL, NULL, NULL);
INSERT INTO public.scan_template (id, category, test_type, tool_name, name, description, command_template, timeout_seconds, output_format, created_at, updated_at, parameter_schema, risk_level, version, security_domain, scan_profile, estimated_duration_seconds, cwe_coverage, owasp_coverage) VALUES (35, 'INFRASTRUCTURE', 'CONFIGURATION_SCAN', 'TRIVY', 'Trivy Configuration Scan', 'Scan IaC files (Dockerfile, K8s, Terraform) for security misconfigurations. Risk Level: LOW.', 'trivy config --format json --output ${output_file} ${target}', 600, 'JSON', '2025-12-28 04:14:56.856305', '2025-12-28 04:14:56.856305', '{"parameters": []}', 'LOW', 0, NULL, 'STANDARD', NULL, NULL, NULL);
INSERT INTO public.scan_template (id, category, test_type, tool_name, name, description, command_template, timeout_seconds, output_format, created_at, updated_at, parameter_schema, risk_level, version, security_domain, scan_profile, estimated_duration_seconds, cwe_coverage, owasp_coverage) VALUES (52, 'PERFORMANCE', 'STRESS_TEST', 'ARTILLERY', 'Artillery Stress Test', 'Stress test - 50 RPS for 60 seconds', 'artillery quick ${target} -c 50 -n 100 -o /tmp/report.json', 300, 'JSON', '2026-01-04 19:31:00.049033', '2026-01-04 19:31:00.049033', '{"vus": 50, "requests": 100}', 'LOW', 0, NULL, 'STANDARD', NULL, NULL, NULL);
INSERT INTO public.scan_template (id, category, test_type, tool_name, name, description, command_template, timeout_seconds, output_format, created_at, updated_at, parameter_schema, risk_level, version, security_domain, scan_profile, estimated_duration_seconds, cwe_coverage, owasp_coverage) VALUES (50, 'PERFORMANCE', 'LOAD_TEST', 'ARTILLERY', 'Artillery Quick Load Test', 'Quick performance test - 5 RPS for 10 seconds', 'artillery quick ${target} -c 5 -n 10 -o /tmp/report.json', 300, 'JSON', '2026-01-04 19:31:00.049033', '2026-01-04 19:31:00.049033', '{"vus": 5, "requests": 10}', 'LOW', 0, NULL, 'STANDARD', NULL, NULL, NULL);
INSERT INTO public.scan_template (id, category, test_type, tool_name, name, description, command_template, timeout_seconds, output_format, created_at, updated_at, parameter_schema, risk_level, version, security_domain, scan_profile, estimated_duration_seconds, cwe_coverage, owasp_coverage) VALUES (53, 'PERFORMANCE', 'LOAD_TEST', 'ARTILLERY', 'Artillery Ramp-up Load Test', 'Progressive load test that gradually increases traffic. Starts with 5 VUs/sec, ramps to 30 VUs/sec over 2 minutes. Good for finding performance degradation points.', 'artillery run ${config_file} -o ${output_file}', 300, 'JSON', '2026-01-05 01:37:48.382495', '2026-01-05 01:37:48.382495', '{"mode": "scenario", "phases": [{"name": "Warm up", "rampTo": 15, "duration": 60, "arrivalRate": 5}, {"name": "Ramp to peak", "rampTo": 30, "duration": 60, "arrivalRate": 15}]}', 'LOW', 0, NULL, 'STANDARD', NULL, NULL, NULL);
INSERT INTO public.scan_template (id, category, test_type, tool_name, name, description, command_template, timeout_seconds, output_format, created_at, updated_at, parameter_schema, risk_level, version, security_domain, scan_profile, estimated_duration_seconds, cwe_coverage, owasp_coverage) VALUES (54, 'PERFORMANCE', 'STRESS_TEST', 'ARTILLERY', 'Artillery Spike Test', 'Simulates traffic spike - stable at 10 VUs/sec, then sudden burst to 100 VUs/sec for 30 seconds. Tests system resilience under sudden load.', 'artillery run ${config_file} -o ${output_file}', 300, 'JSON', '2026-01-05 01:37:48.382495', '2026-01-05 01:37:48.382495', '{"mode": "scenario", "phases": [{"name": "Baseline", "duration": 30, "arrivalRate": 10}, {"name": "Spike", "duration": 30, "arrivalRate": 100}, {"name": "Recovery", "duration": 30, "arrivalRate": 10}], "maxVusers": 200}', 'MEDIUM', 0, NULL, 'STANDARD', NULL, NULL, NULL);
INSERT INTO public.scan_template (id, category, test_type, tool_name, name, description, command_template, timeout_seconds, output_format, created_at, updated_at, parameter_schema, risk_level, version, security_domain, scan_profile, estimated_duration_seconds, cwe_coverage, owasp_coverage) VALUES (56, 'PERFORMANCE', 'ENDURANCE_TEST', 'ARTILLERY', 'Artillery Soak Test', 'Long-duration sustained load test at moderate traffic (10 VUs/sec for 10 minutes). Detects memory leaks, connection pool exhaustion, and gradual degradation.', 'artillery run ${config_file} -o ${output_file}', 900, 'JSON', '2026-01-05 01:37:48.382495', '2026-01-05 01:37:48.382495', '{"mode": "scenario", "phases": [{"name": "Sustained Load", "duration": 600, "arrivalRate": 10}], "maxVusers": 50}', 'LOW', 0, NULL, 'STANDARD', NULL, NULL, NULL);
INSERT INTO public.scan_template (id, category, test_type, tool_name, name, description, command_template, timeout_seconds, output_format, created_at, updated_at, parameter_schema, risk_level, version, security_domain, scan_profile, estimated_duration_seconds, cwe_coverage, owasp_coverage) VALUES (58, 'PERFORMANCE', 'LOAD_TEST', 'ARTILLERY', 'Artillery Custom Phase Test', 'Fully customizable load test with multiple phases. User specifies phases array with duration, arrivalRate, rampTo, and optional maxVusers.', 'artillery run ${config_file} -o ${output_file}', 600, 'JSON', '2026-01-05 01:37:48.382495', '2026-01-05 01:37:48.382495', '{"mode": "scenario", "phases": [{"name": "Phase 1", "duration": 30, "arrivalRate": 5}, {"name": "Phase 2", "rampTo": 20, "duration": 60, "arrivalRate": 10}, {"name": "Phase 3", "duration": 30, "arrivalRate": 20}], "p95_threshold": 1000}', 'LOW', 0, NULL, 'STANDARD', NULL, NULL, NULL);
INSERT INTO public.scan_template (id, category, test_type, tool_name, name, description, command_template, timeout_seconds, output_format, created_at, updated_at, parameter_schema, risk_level, version, security_domain, scan_profile, estimated_duration_seconds, cwe_coverage, owasp_coverage) VALUES (59, 'KUBERNETES', 'vulnerability', 'TRIVY_K8S_MULTICONTEXT', 'Trivy Kubernetes Scanner', 'Scans Kubernetes clusters across multiple contexts using Trivy. Detects vulnerabilities, misconfigurations, and exposed secrets in workloads.', 'SCRIPT:TRIVY_K8S_MULTICONTEXT', 3600, 'JSON', '2026-01-07 03:16:44.983', '2026-01-07 07:40:07.448', '[{"hint": "Comma-separated namespaces to include (empty = all)", "name": "include_namespaces", "type": "text", "label": "Include Namespaces", "default": "", "required": false}, {"hint": "Namespaces to exclude from scan (comma-separated)", "name": "exclude_namespaces", "type": "text", "label": "Exclude Namespaces", "default": "kube-public,kube-system,kube-node-lease", "required": false}, {"name": "report_type", "type": "select", "label": "Report Type", "default": "summary", "options": ["summary", "all"], "required": false}, {"hint": "Number of concurrent namespace scans", "name": "parallel", "type": "number", "label": "Parallel Scans", "default": 2, "required": false}, {"hint": "Also run a cluster-wide scan", "name": "cluster_scan", "type": "boolean", "label": "Cluster-wide Scan", "default": false, "required": false}]', 'LOW', 0, NULL, 'STANDARD', NULL, NULL, NULL);
INSERT INTO public.scan_template (id, category, test_type, tool_name, name, description, command_template, timeout_seconds, output_format, created_at, updated_at, parameter_schema, risk_level, version, security_domain, scan_profile, estimated_duration_seconds, cwe_coverage, owasp_coverage) VALUES (55, 'PERFORMANCE', 'LOAD_TEST', 'ARTILLERY', 'Artillery CI/CD Performance Gate', 'Performance test for CI/CD pipelines with SLO thresholds. Fails if P95 > 500ms or error rate > 1%. Returns non-zero exit code on threshold breach.', 'artillery run ${config_file} -o ${output_file}', 300, 'JSON', '2026-01-05 01:37:48.382495', '2026-01-05 01:37:48.382495', '{"mode": "scenario", "duration": 60, "phaseName": "CI Performance Gate", "arrivalRate": 20, "maxErrorRate": 1, "p95_threshold": 500, "p99_threshold": 1000}', 'LOW', 0, NULL, 'STANDARD', NULL, NULL, NULL);
INSERT INTO public.scan_template (id, category, test_type, tool_name, name, description, command_template, timeout_seconds, output_format, created_at, updated_at, parameter_schema, risk_level, version, security_domain, scan_profile, estimated_duration_seconds, cwe_coverage, owasp_coverage) VALUES (57, 'PERFORMANCE', 'API_TEST', 'ARTILLERY', 'Artillery API POST Test', 'Load test for POST endpoints. Configurable method, headers (e.g., Authorization), and JSON body. Supports authenticated API testing.', 'artillery run ${config_file} -o ${output_file}', 300, 'JSON', '2026-01-05 01:37:48.382495', '2026-01-05 01:37:48.382495', '{"body": {"key": "value"}, "mode": "scenario", "path": "/api/endpoint", "method": "post", "headers": {"Content-Type": "application/json", "Authorization": "Bearer ${token}"}, "duration": 60, "arrivalRate": 10, "scenarioName": "API Test"}', 'LOW', 0, NULL, 'STANDARD', NULL, NULL, NULL);
INSERT INTO public.scan_template (id, category, test_type, tool_name, name, description, command_template, timeout_seconds, output_format, created_at, updated_at, parameter_schema, risk_level, version, security_domain, scan_profile, estimated_duration_seconds, cwe_coverage, owasp_coverage) VALUES (63, 'NETWORK', 'vulnerability', 'NMAP_VULN_CUSTOM', 'Nmap Vulnerability Scanner', 'Performs network vulnerability scanning using nmap with NSE vulnerability scripts', 'SCRIPT:NMAP_VULN_CUSTOM', 3600, 'JSON', '2026-01-07 06:23:59.936', '2026-01-07 06:23:59.936', '[{"name": "scan_type", "type": "select", "default": "standard", "options": ["quick", "standard", "deep"], "description": "Scan intensity level"}, {"name": "ports", "type": "string", "default": "1-1000", "description": "Port range to scan (e.g., 1-1000, 22,80,443)"}, {"name": "scripts", "type": "string", "default": "vuln", "description": "NSE script categories to run (e.g., vuln, default, safe)"}]', 'LOW', 0, NULL, 'STANDARD', NULL, NULL, NULL);
INSERT INTO public.scan_template (id, category, test_type, tool_name, name, description, command_template, timeout_seconds, output_format, created_at, updated_at, parameter_schema, risk_level, version, security_domain, scan_profile, estimated_duration_seconds, cwe_coverage, owasp_coverage) VALUES (66, 'APPLICATION', 'vulnerability', 'NUCLEI_TEMPLATE_CUSTOM', 'Nuclei Template Scanner', 'Performs fast and customizable vulnerability scanning using nuclei templates', 'SCRIPT:NUCLEI_TEMPLATE_CUSTOM', 3600, 'JSON', '2026-01-07 06:25:28.748', '2026-01-07 06:25:28.748', '{"parameters": [{"name": "severity", "type": "text", "label": "Severity Filter", "default": "critical,high,medium,low", "required": false, "description": "Comma-separated severity levels", "placeholder": "critical,high,medium,low,info"}, {"name": "tags", "type": "text", "label": "Template Tags", "default": "", "required": false, "description": "Filter templates by tag", "placeholder": "cve,owasp,tech-detect"}, {"name": "exclude_tags", "type": "text", "label": "Exclude Tags", "default": "", "required": false, "description": "Exclude templates by tag", "placeholder": "dos,fuzz"}, {"name": "rate_limit", "type": "number", "label": "Rate Limit (req/sec)", "default": 150, "required": false, "description": "Maximum requests per second"}, {"name": "concurrency", "type": "number", "label": "Concurrency", "default": 25, "required": false, "description": "Number of concurrent template executions"}]}', 'LOW', 0, NULL, 'STANDARD', NULL, NULL, NULL);
INSERT INTO public.scan_template (id, category, test_type, tool_name, name, description, command_template, timeout_seconds, output_format, created_at, updated_at, parameter_schema, risk_level, version, security_domain, scan_profile, estimated_duration_seconds, cwe_coverage, owasp_coverage) VALUES (65, 'APPLICATION', 'vulnerability', 'SQLMAP_INJECT_CUSTOM', 'SQLMap Injection Scanner', 'Performs automated SQL injection detection and exploitation testing using sqlmap', 'SCRIPT:SQLMAP_INJECT_CUSTOM', 3600, 'JSON', '2026-01-07 06:25:28.469', '2026-01-07 06:25:28.469', '{"parameters": [{"hint": "1=Safe 2=Moderate 3=Aggressive", "name": "risk", "type": "text", "label": "Risk Level (1-3)", "default": "1", "required": false, "description": "Risk of tests"}, {"hint": "1=Basic 2=Cookie 3=Headers 4=More 5=All", "name": "level", "type": "text", "label": "Test Level (1-5)", "default": "1", "required": false, "description": "Level of tests"}, {"name": "dbms", "type": "text", "label": "Target DBMS", "default": "", "required": false, "placeholder": "mysql, postgresql, mssql, oracle"}, {"hint": "B=Boolean E=Error U=Union S=Stacked T=Time Q=Inline", "name": "technique", "type": "text", "label": "Techniques (BEUSTQ)", "default": "", "required": false}, {"name": "threads", "type": "number", "label": "Threads", "default": 1, "required": false}, {"name": "forms", "type": "checkbox", "label": "Test Forms", "default": false, "required": false, "checkboxValue": "true"}, {"hint": "0=Disabled. Auto-discover injectable URLs.", "name": "crawl", "type": "text", "label": "Crawl Depth (0-5)", "default": "0", "required": false}]}', 'MEDIUM', 0, NULL, 'STANDARD', NULL, NULL, NULL);
INSERT INTO public.scan_template (id, category, test_type, tool_name, name, description, command_template, timeout_seconds, output_format, created_at, updated_at, parameter_schema, risk_level, version, security_domain, scan_profile, estimated_duration_seconds, cwe_coverage, owasp_coverage) VALUES (69, 'CUSTOM', 'Custom Test', 'TEST_SCANNER', 'Test Scanner', 'A test custom scanner script', 'SCRIPT:TEST_SCANNER', 3600, 'JSON', '2026-01-07 06:50:56.197', '2026-01-07 06:50:56.197', '[{"name": "verbose", "type": "boolean", "default": false, "description": "Enable verbose output"}]', 'LOW', 0, NULL, 'STANDARD', NULL, NULL, NULL);
INSERT INTO public.scan_template (id, category, test_type, tool_name, name, description, command_template, timeout_seconds, output_format, created_at, updated_at, parameter_schema, risk_level, version, security_domain, scan_profile, estimated_duration_seconds, cwe_coverage, owasp_coverage) VALUES (70, 'API_SECURITY', 'SQL_INJECTION', 'API_SCANNER', 'API SQL Injection Test', 'Tests API endpoints for SQL injection vulnerabilities using predefined payloads', 'INTERNAL:API_SCANNER', 300, 'JSON', '2026-01-08 07:29:13.115916', '2026-01-08 07:29:13.115916', '{"parameters": [{"name": "method", "type": "select", "label": "HTTP Method", "default": "GET", "options": ["GET", "POST", "PUT", "PATCH", "DELETE"]}, {"name": "inject_location", "type": "select", "label": "Injection Point", "default": "query", "options": ["query", "body", "path", "header"]}, {"hint": "Name of parameter to inject into", "name": "param_name", "type": "text", "label": "Parameter Name", "required": true}, {"name": "content_type", "type": "select", "label": "Content Type", "default": "application/json", "options": ["application/json", "application/x-www-form-urlencoded", "text/plain"]}, {"hint": "Optional Bearer token or Basic auth", "name": "auth_header", "type": "text", "label": "Authorization Header"}]}', 'HIGH', 0, NULL, 'STANDARD', NULL, NULL, NULL);
INSERT INTO public.scan_template (id, category, test_type, tool_name, name, description, command_template, timeout_seconds, output_format, created_at, updated_at, parameter_schema, risk_level, version, security_domain, scan_profile, estimated_duration_seconds, cwe_coverage, owasp_coverage) VALUES (71, 'API_SECURITY', 'XSS', 'API_SCANNER', 'API XSS Test', 'Tests API endpoints for Cross-Site Scripting vulnerabilities', 'INTERNAL:API_SCANNER', 300, 'JSON', '2026-01-08 07:29:13.115916', '2026-01-08 07:29:13.115916', '{"parameters": [{"name": "method", "type": "select", "label": "HTTP Method", "default": "POST", "options": ["GET", "POST", "PUT", "PATCH"]}, {"name": "inject_location", "type": "select", "label": "Injection Point", "default": "body", "options": ["query", "body", "header"]}, {"name": "param_name", "type": "text", "label": "Parameter Name", "required": true}, {"name": "content_type", "type": "select", "label": "Content Type", "default": "application/json", "options": ["application/json", "application/x-www-form-urlencoded"]}, {"name": "auth_header", "type": "text", "label": "Authorization Header"}]}', 'MEDIUM', 0, NULL, 'STANDARD', NULL, NULL, NULL);
INSERT INTO public.scan_template (id, category, test_type, tool_name, name, description, command_template, timeout_seconds, output_format, created_at, updated_at, parameter_schema, risk_level, version, security_domain, scan_profile, estimated_duration_seconds, cwe_coverage, owasp_coverage) VALUES (72, 'API_SECURITY', 'PATH_TRAVERSAL', 'API_SCANNER', 'API Path Traversal Test', 'Tests API endpoints for path traversal/LFI vulnerabilities', 'INTERNAL:API_SCANNER', 300, 'JSON', '2026-01-08 07:29:13.115916', '2026-01-08 07:29:13.115916', '{"parameters": [{"name": "method", "type": "select", "label": "HTTP Method", "default": "GET", "options": ["GET", "POST"]}, {"name": "inject_location", "type": "select", "label": "Injection Point", "default": "query", "options": ["query", "path"]}, {"hint": "File path parameter", "name": "param_name", "type": "text", "label": "Parameter Name", "required": true}, {"name": "auth_header", "type": "text", "label": "Authorization Header"}]}', 'HIGH', 0, NULL, 'STANDARD', NULL, NULL, NULL);
INSERT INTO public.scan_template (id, category, test_type, tool_name, name, description, command_template, timeout_seconds, output_format, created_at, updated_at, parameter_schema, risk_level, version, security_domain, scan_profile, estimated_duration_seconds, cwe_coverage, owasp_coverage) VALUES (73, 'API_SECURITY', 'COMMAND_INJECTION', 'API_SCANNER', 'API Command Injection Test', 'Tests API endpoints for OS command injection vulnerabilities', 'INTERNAL:API_SCANNER', 300, 'JSON', '2026-01-08 07:29:13.115916', '2026-01-08 07:29:13.115916', '{"parameters": [{"name": "method", "type": "select", "label": "HTTP Method", "default": "POST", "options": ["GET", "POST"]}, {"name": "inject_location", "type": "select", "label": "Injection Point", "default": "body", "options": ["query", "body"]}, {"name": "param_name", "type": "text", "label": "Parameter Name", "required": true}, {"name": "content_type", "type": "select", "label": "Content Type", "default": "application/json", "options": ["application/json", "application/x-www-form-urlencoded"]}, {"name": "auth_header", "type": "text", "label": "Authorization Header"}]}', 'CRITICAL', 0, NULL, 'STANDARD', NULL, NULL, NULL);
INSERT INTO public.scan_template (id, category, test_type, tool_name, name, description, command_template, timeout_seconds, output_format, created_at, updated_at, parameter_schema, risk_level, version, security_domain, scan_profile, estimated_duration_seconds, cwe_coverage, owasp_coverage) VALUES (74, 'API_SECURITY', 'AUTH_BYPASS', 'API_SCANNER', 'API Authentication Bypass Test', 'Tests API authentication mechanisms for bypass vulnerabilities', 'INTERNAL:API_SCANNER', 300, 'JSON', '2026-01-08 07:29:13.115916', '2026-01-08 07:29:13.115916', '{"parameters": [{"name": "method", "type": "select", "label": "HTTP Method", "default": "GET", "options": ["GET", "POST", "PUT", "DELETE"]}, {"hint": "Endpoint that requires auth", "name": "protected_endpoint", "type": "text", "label": "Protected Endpoint", "required": true}, {"hint": "Optional valid token to compare responses", "name": "valid_token", "type": "text", "label": "Valid Token"}]}', 'CRITICAL', 0, NULL, 'STANDARD', NULL, NULL, NULL);
INSERT INTO public.scan_template (id, category, test_type, tool_name, name, description, command_template, timeout_seconds, output_format, created_at, updated_at, parameter_schema, risk_level, version, security_domain, scan_profile, estimated_duration_seconds, cwe_coverage, owasp_coverage) VALUES (75, 'API_SECURITY', 'FULL_SCAN', 'API_SCANNER', 'API Full Security Scan', 'Comprehensive API security test with all payload categories', 'INTERNAL:API_SCANNER', 900, 'JSON', '2026-01-08 07:29:13.115916', '2026-01-08 07:29:13.115916', '{"parameters": [{"name": "method", "type": "select", "label": "HTTP Method", "default": "POST", "options": ["GET", "POST", "PUT", "PATCH", "DELETE"]}, {"name": "param_name", "type": "text", "label": "Parameter Name", "required": true}, {"name": "content_type", "type": "select", "label": "Content Type", "default": "application/json", "options": ["application/json", "application/x-www-form-urlencoded"]}, {"name": "auth_header", "type": "text", "label": "Authorization Header"}, {"hint": "Comma-separated list", "name": "categories", "type": "text", "label": "Payload Categories", "default": "SQL_INJECTION,XSS,PATH_TRAVERSAL"}]}', 'HIGH', 0, NULL, 'STANDARD', NULL, NULL, NULL);
INSERT INTO public.scan_template (id, category, test_type, tool_name, name, description, command_template, timeout_seconds, output_format, created_at, updated_at, parameter_schema, risk_level, version, security_domain, scan_profile, estimated_duration_seconds, cwe_coverage, owasp_coverage) VALUES (32, 'WEB', 'VULNERABILITY_SCAN', 'NUCLEI', 'Nuclei Web Technology Detection', 'Detect web technologies, frameworks, and potential misconfigurations. Risk Level: LOW - Information gathering.', 'nuclei -u ${target} -tags tech,misconfiguration -json-export ${output_file}', 900, 'JSON', '2025-12-28 04:14:56.84039', '2025-12-28 04:14:56.84039', '{"parameters": [{"hint": "Comma-separated template tags", "name": "tags", "type": "text", "label": "Template Tags", "default": "tech,misconfiguration", "required": false}, {"hint": "Max requests per second", "name": "rate_limit", "type": "number", "label": "Rate Limit", "default": 150, "required": false}, {"hint": "Parallel executions", "name": "concurrency", "type": "number", "label": "Concurrency", "default": 25, "required": false}]}', 'LOW', 0, NULL, 'STANDARD', NULL, NULL, NULL);
INSERT INTO public.scan_template (id, category, test_type, tool_name, name, description, command_template, timeout_seconds, output_format, created_at, updated_at, parameter_schema, risk_level, version, security_domain, scan_profile, estimated_duration_seconds, cwe_coverage, owasp_coverage) VALUES (76, 'RECONNAISSANCE', 'DISCOVERY', 'WEB_CRAWLER', 'Web Crawler - Full Discovery', 'Multi-mode web crawler for site mapping, locator extraction, and validation. Modes: discovery (page objects/locators for Webdriver testing), validation (accessibility/security rules), extraction (URLs/params for security tools like SQLMap). Risk Level: LOW - Read-only scanning.', 'web_crawler ${target} --mode ${mode} --depth ${max_depth} --max-urls ${max_urls}', 1800, 'JSON', '2026-01-17 22:32:16.428518', '2026-01-17 22:32:16.428518', '{"parameters": [{"hint": "full=all modes, discovery=locators for testing, validation=rule checking, extraction=URLs for security tools", "name": "mode", "type": "select", "label": "Crawl Mode", "default": "full", "options": ["full", "discovery", "validation", "extraction"], "required": false}, {"hint": "How deep to follow links from the starting URL", "name": "max_depth", "type": "select", "label": "Max Crawl Depth", "default": "2", "options": ["1", "2", "3", "4", "5"], "required": false}, {"hint": "Maximum number of pages to crawl", "name": "max_urls", "type": "select", "label": "Max URLs to Crawl", "default": "100", "options": ["25", "50", "100", "200"], "required": false}, {"hint": "Comma-separated rules: missing_alt,form_security,missing_meta,broken_links (empty=all)", "name": "rules", "type": "text", "label": "Validation Rules", "default": "", "required": false}, {"hint": "Regex patterns to exclude from crawl. Example: logout|admin|/api/", "name": "exclude_patterns", "type": "text", "label": "Exclude URL Patterns", "default": "", "required": false}, {"hint": "Delay between requests to avoid overwhelming the target", "name": "rate_limit", "type": "select", "label": "Request Delay (seconds)", "default": "0.5", "options": ["0.2", "0.5", "1.0", "2.0"], "required": false}, {"hint": "Extract form information for security testing", "name": "collect_forms", "type": "checkbox", "label": "Collect Form Data", "required": false, "checkboxValue": "true"}]}', 'LOW', 0, NULL, 'STANDARD', NULL, NULL, NULL);
INSERT INTO public.scan_template (id, category, test_type, tool_name, name, description, command_template, timeout_seconds, output_format, created_at, updated_at, parameter_schema, risk_level, version, security_domain, scan_profile, estimated_duration_seconds, cwe_coverage, owasp_coverage) VALUES (77, 'RECONNAISSANCE', 'DISCOVERY', 'WEB_CRAWLER', 'Web Crawler - Page Object Discovery', 'Crawl website to discover page elements and build locator maps for automated testing (Webdriver/QReasp). Extracts inputs, buttons, forms, and links with semantic naming. Results can be exported for test automation.', 'web_crawler ${target} --mode discovery --depth ${max_depth}', 900, 'JSON', '2026-01-17 22:32:16.435186', '2026-01-17 22:32:16.435186', '{"parameters": [{"hint": "How deep to crawl (1=landing pages only, 2=one click deep, 3=two clicks deep)", "name": "max_depth", "type": "select", "label": "Max Crawl Depth", "default": "2", "options": ["1", "2", "3"], "required": false}, {"name": "max_urls", "type": "select", "label": "Max Pages", "default": "50", "options": ["25", "50", "100"], "required": false}]}', 'LOW', 0, NULL, 'STANDARD', NULL, NULL, NULL);
INSERT INTO public.scan_template (id, category, test_type, tool_name, name, description, command_template, timeout_seconds, output_format, created_at, updated_at, parameter_schema, risk_level, version, security_domain, scan_profile, estimated_duration_seconds, cwe_coverage, owasp_coverage) VALUES (24, 'INFRASTRUCTURE', 'AUTHENTICATION_AUDIT', 'NMAP', 'NMAP Authentication Audit', 'Enumerate authentication methods and mechanisms. Tests SSH, HTTP, FTP, and other service authentication. Risk Level: LOW - Non-intrusive.', 'nmap -sV --script auth -oX ${output_file} ${target}', 1800, 'XML', '2025-12-28 03:36:41.842141', '2025-12-28 03:36:41.842141', '{"parameters": [{"hint": "Comma-separated NSE scripts or categories", "name": "scripts", "type": "text", "label": "NSE Scripts", "default": "auth", "required": false}]}', 'LOW', 0, NULL, 'STANDARD', NULL, NULL, NULL);
INSERT INTO public.scan_template (id, category, test_type, tool_name, name, description, command_template, timeout_seconds, output_format, created_at, updated_at, parameter_schema, risk_level, version, security_domain, scan_profile, estimated_duration_seconds, cwe_coverage, owasp_coverage) VALUES (78, 'DATABASE', 'SQL_INJECTION_PREP', 'WEB_CRAWLER', 'Web Crawler - SQL Injection Targets', 'Crawl website to discover all URLs with query parameters and POST forms suitable for SQL injection testing. Use with SQLMap for comprehensive database security testing.', 'web_crawler ${target} --mode extraction --depth ${max_depth}', 600, 'JSON', '2026-01-17 22:32:16.436289', '2026-01-17 22:32:16.436289', '{"parameters": [{"hint": "Deeper crawl finds more injection points but takes longer", "name": "max_depth", "type": "select", "label": "Max Crawl Depth", "default": "3", "options": ["1", "2", "3", "4", "5"], "required": false}, {"name": "max_urls", "type": "select", "label": "Max URLs", "default": "100", "options": ["50", "100", "200"], "required": false}]}', 'LOW', 0, NULL, 'STANDARD', NULL, NULL, NULL);
INSERT INTO public.scan_template (id, category, test_type, tool_name, name, description, command_template, timeout_seconds, output_format, created_at, updated_at, parameter_schema, risk_level, version, security_domain, scan_profile, estimated_duration_seconds, cwe_coverage, owasp_coverage) VALUES (79, 'WEB', 'COMPLIANCE_CHECK', 'WEB_CRAWLER', 'Web Crawler - Security & Accessibility Audit', 'Validate website against security and accessibility rules. Checks: missing alt text, forms without CSRF protection, password field security, missing meta tags, and more.', 'web_crawler ${target} --mode validation --depth ${max_depth}', 900, 'JSON', '2026-01-17 22:32:16.437459', '2026-01-17 22:32:16.437459', '{"parameters": [{"hint": "Leave empty for all rules, or specify: missing_alt,form_security,missing_meta", "name": "rules", "type": "text", "label": "Rules to Check", "default": "", "required": false}, {"name": "max_depth", "type": "select", "label": "Max Crawl Depth", "default": "2", "options": ["1", "2", "3"], "required": false}, {"name": "max_urls", "type": "select", "label": "Max Pages", "default": "50", "options": ["25", "50", "100"], "required": false}]}', 'LOW', 0, NULL, 'STANDARD', NULL, NULL, NULL);
INSERT INTO public.scan_template (id, category, test_type, tool_name, name, description, command_template, timeout_seconds, output_format, created_at, updated_at, parameter_schema, risk_level, version, security_domain, scan_profile, estimated_duration_seconds, cwe_coverage, owasp_coverage) VALUES (36, 'NETWORK', 'discovery', 'NMAP', 'NSE Safe Discovery', 'Safe service and version discovery using default, safe, and version NSE scripts. Suitable for production environments.', 'nmap -sT -sV --script=default,safe,version -p {{ports:1-1000}} -T{{timing:4}} -oX - {{target}}', 600, 'xml', '2026-01-02 06:19:48.015144', '2026-01-02 06:19:48.015144', '{"parameters": [{"name": "ports", "type": "text", "label": "Port Range", "default": "1-1000", "required": false, "description": "Ports to scan", "placeholder": "1-1000, 22,80,443"}, {"hint": "0=Paranoid 1=Sneaky 2=Polite 3=Normal 4=Aggressive 5=Insane", "name": "timing", "type": "text", "label": "Timing (0-5)", "default": "4", "required": false, "description": "Scan speed"}, {"name": "no_ping", "type": "checkbox", "label": "Skip Ping (-Pn)", "default": false, "required": false, "description": "Required for firewalled hosts that block ICMP", "checkboxValue": "true"}]}', 'LOW', 0, NULL, 'STANDARD', NULL, NULL, NULL);
INSERT INTO public.scan_template (id, category, test_type, tool_name, name, description, command_template, timeout_seconds, output_format, created_at, updated_at, parameter_schema, risk_level, version, security_domain, scan_profile, estimated_duration_seconds, cwe_coverage, owasp_coverage) VALUES (37, 'NETWORK', 'ssl_analysis', 'NMAP', 'SSL/TLS Certificate Analysis', 'Analyze SSL/TLS certificates and cipher suites. Identifies weak ciphers, expired certificates, and known vulnerabilities.', 'nmap -sT -sV --script=ssl-cert,ssl-enum-ciphers,ssl-known-key,ssl-date,ssl-heartbleed,ssl-poodle -p {{ports:443,8443,993,995,465}} -T{{timing:4}} -oX - {{target}}', 300, 'xml', '2026-01-02 06:19:48.018489', '2026-01-02 06:19:48.018489', '{"parameters": [{"name": "ports", "type": "text", "label": "Port Range", "default": "1-1000", "required": false, "description": "Ports to scan", "placeholder": "1-1000, 22,80,443"}, {"hint": "0=Paranoid 1=Sneaky 2=Polite 3=Normal 4=Aggressive 5=Insane", "name": "timing", "type": "text", "label": "Timing (0-5)", "default": "4", "required": false, "description": "Scan speed"}, {"name": "no_ping", "type": "checkbox", "label": "Skip Ping (-Pn)", "default": false, "required": false, "description": "Required for firewalled hosts that block ICMP", "checkboxValue": "true"}]}', 'LOW', 0, NULL, 'STANDARD', NULL, NULL, NULL);
INSERT INTO public.scan_template (id, category, test_type, tool_name, name, description, command_template, timeout_seconds, output_format, created_at, updated_at, parameter_schema, risk_level, version, security_domain, scan_profile, estimated_duration_seconds, cwe_coverage, owasp_coverage) VALUES (4, 'DATABASE', 'SQL_INJECTION', 'SQLMAP', 'SQLMap Auto Scan', 'Automatic SQL injection detection and exploitation', 'sqlmap -u ${url} ${level} ${risk} ${threads} ${dbms} ${technique} ${dbs} ${tables} ${dump} --batch --output-dir=${output_dir}', 7200, 'JSON', '2025-12-19 08:05:16.394886', '2025-12-19 08:05:16.394886', '{"parameters": [{"hint": "Crawl site to discover ALL injectable URLs. Depth: 1=homepage only, 2=one click deep, 3+=deeper. Leave empty to test only the target URL.", "name": "crawl", "type": "select", "label": "Enable Site Crawling", "format": "--crawl={value}", "default": "", "options": ["", "1", "2", "3", "4", "5"], "required": false, "description": "Automatically discover and test all URLs with parameters"}, {"hint": "Also discover and report HTML forms (login forms, search boxes, etc). Requires crawl to be enabled.", "name": "forms", "type": "checkbox", "label": "Test Forms", "required": false, "description": "Include form discovery during crawl", "checkboxValue": "--forms"}, {"hint": "1=Basic (fastest), 2=Extended, 3=Good balance, 4=More thorough, 5=Maximum tests (slowest)", "name": "level", "type": "select", "label": "Detection Level", "format": "--level={value}", "default": "1", "options": ["1", "2", "3", "4", "5"], "required": false, "description": "Level of tests to perform (1-5)"}, {"hint": "1=Safe, 2=Medium (may cause data changes), 3=High (heavy queries). Use 1 for production.", "name": "risk", "type": "select", "label": "Risk Level", "format": "--risk={value}", "default": "1", "options": ["1", "2", "3"], "required": false, "description": "Risk of tests to perform (1-3)"}, {"hint": "Concurrent threads. Higher = faster but more load on target.", "name": "threads", "type": "select", "label": "Threads", "format": "--threads={value}", "default": "1", "options": ["1", "2", "3", "5", "10"], "required": false, "description": "Number of concurrent threads"}, {"hint": "Leave empty for auto-detection (recommended). SQLMap will fingerprint the database automatically.", "name": "dbms", "type": "select", "label": "Target DBMS", "format": "--dbms={value}", "default": "", "options": ["", "MySQL", "MariaDB", "PostgreSQL", "Microsoft SQL Server", "Oracle", "SQLite", "IBM DB2", "Firebird"], "required": false, "description": "Target database type. Only specify if you know the exact database."}, {"hint": "B=Boolean, E=Error, U=Union, S=Stacked, T=Time-based, Q=Inline. Default: BEUSTQ (all)", "name": "technique", "type": "text", "label": "Injection Techniques", "format": "--technique={value}", "default": "BEUSTQ", "required": false, "description": "SQL injection techniques to use"}, {"hint": "List all database names if injection is found", "name": "dbs", "type": "checkbox", "label": "Enumerate Databases", "required": false, "description": "Enumerate database names", "checkboxValue": "--dbs"}, {"hint": "List all table names if injection is found", "name": "tables", "type": "checkbox", "label": "Enumerate Tables", "required": false, "description": "Enumerate table names", "checkboxValue": "--tables"}, {"hint": "WARNING: Extract and save database contents. Only use on authorized test systems!", "name": "dump", "type": "checkbox", "label": "Dump Data", "required": false, "description": "Dump database table entries", "checkboxValue": "--dump"}]}', 'HIGH', 0, NULL, 'STANDARD', NULL, NULL, NULL);
INSERT INTO public.scan_template (id, category, test_type, tool_name, name, description, command_template, timeout_seconds, output_format, created_at, updated_at, parameter_schema, risk_level, version, security_domain, scan_profile, estimated_duration_seconds, cwe_coverage, owasp_coverage) VALUES (29, 'WEB', 'VULNERABILITY_SCAN', 'NUCLEI', 'Nuclei Full Vulnerability Scan', 'Comprehensive vulnerability scan using 9,000+ Nuclei templates. Checks for CVEs, misconfigurations, and security issues. Risk Level: LOW - Non-invasive testing.', 'nuclei -u ${target} -json-export ${output_file}', 1800, 'JSON', '2025-12-28 04:14:56.84039', '2025-12-28 04:14:56.84039', '{"parameters": [{"hint": "Comma-separated severity levels to include. Options: critical, high, medium, low, info. Example: critical,high (only critical and high findings)", "name": "severity", "type": "text", "label": "Severity Filter", "default": "critical,high,medium,low,info", "required": false, "description": "Filter templates by severity level"}, {"hint": "Comma-separated tags to filter templates. Examples: cve (known vulnerabilities), tech (technology detection), config (misconfigurations), xss, sqli, rce", "name": "tags", "type": "text", "label": "Template Tags", "required": false, "description": "Filter templates by tags (e.g., cve, tech, config)"}, {"hint": "Comma-separated tags to exclude. Example: dos,fuzz (skip DoS and fuzzing tests)", "name": "exclude_tags", "type": "text", "label": "Exclude Tags", "required": false, "description": "Exclude templates with these tags"}, {"hint": "Maximum requests per second. Lower values are safer but slower. Default: 150", "name": "rate_limit", "type": "number", "label": "Rate Limit", "default": 150, "required": false, "description": "Maximum requests per second"}, {"hint": "Number of concurrent template executions. Default: 25", "name": "concurrency", "type": "number", "label": "Concurrency", "default": 25, "required": false, "description": "Number of parallel template executions"}, {"hint": "Timeout per request in seconds. Increase for slow targets. Default: 10", "name": "timeout", "type": "number", "label": "Request Timeout", "default": 10, "required": false, "description": "Timeout in seconds for each request"}]}', 'LOW', 0, NULL, 'STANDARD', NULL, NULL, NULL);
INSERT INTO public.scan_template (id, category, test_type, tool_name, name, description, command_template, timeout_seconds, output_format, created_at, updated_at, parameter_schema, risk_level, version, security_domain, scan_profile, estimated_duration_seconds, cwe_coverage, owasp_coverage) VALUES (27, 'INFRASTRUCTURE', 'BRUTE_FORCE', 'NMAP', 'NMAP Brute Force Test', '⚠️ WARNING: Credential brute forcing across SSH, FTP, HTTP, MySQL, and other services. Risk Level: HIGH - May trigger alerts, lock accounts, and generate security events. AUTHORIZED USE ONLY.', 'nmap --script brute -oX ${output_file} ${target}', 7200, 'XML', '2025-12-28 03:36:41.842141', '2025-12-28 03:36:41.842141', '{"parameters": [{"hint": "Comma-separated NSE scripts or categories", "name": "scripts", "type": "text", "label": "NSE Scripts", "default": "brute", "required": false}]}', 'HIGH', 0, NULL, 'STANDARD', NULL, NULL, NULL);
INSERT INTO public.scan_template (id, category, test_type, tool_name, name, description, command_template, timeout_seconds, output_format, created_at, updated_at, parameter_schema, risk_level, version, security_domain, scan_profile, estimated_duration_seconds, cwe_coverage, owasp_coverage) VALUES (30, 'WEB', 'VULNERABILITY_SCAN', 'NUCLEI', 'Nuclei Critical & High Severity Scan', 'Focused scan for critical and high severity vulnerabilities only. Faster execution with prioritized findings. Risk Level: LOW.', 'nuclei -u ${target} -severity critical,high -json-export ${output_file}', 900, 'JSON', '2025-12-28 04:14:56.84039', '2025-12-28 04:14:56.84039', '{"parameters": [{"hint": "Comma-separated severity levels", "name": "severity", "type": "text", "label": "Severity Filter", "default": "critical,high", "required": false}, {"hint": "Filter by tags. Examples: cve, rce, sqli", "name": "tags", "type": "text", "label": "Template Tags", "required": false}, {"hint": "Tags to exclude", "name": "exclude_tags", "type": "text", "label": "Exclude Tags", "required": false}, {"hint": "Max requests per second", "name": "rate_limit", "type": "number", "label": "Rate Limit", "default": 150, "required": false}]}', 'LOW', 0, NULL, 'STANDARD', NULL, NULL, NULL);
INSERT INTO public.scan_template (id, category, test_type, tool_name, name, description, command_template, timeout_seconds, output_format, created_at, updated_at, parameter_schema, risk_level, version, security_domain, scan_profile, estimated_duration_seconds, cwe_coverage, owasp_coverage) VALUES (31, 'WEB', 'VULNERABILITY_SCAN', 'NUCLEI', 'Nuclei CVE Detection Scan', 'Targeted scan for known CVEs using Nuclei CVE templates. Risk Level: LOW - Passive detection only.', 'nuclei -u ${target} -tags cve -json-export ${output_file}', 1200, 'JSON', '2025-12-28 04:14:56.84039', '2025-12-28 04:14:56.84039', '{"parameters": [{"hint": "Comma-separated template tags", "name": "tags", "type": "text", "label": "Template Tags", "default": "cve", "required": false}, {"hint": "Filter CVEs by severity. Example: critical,high", "name": "severity", "type": "text", "label": "Severity Filter", "default": "critical,high,medium,low,info", "required": false}, {"hint": "Max requests per second", "name": "rate_limit", "type": "number", "label": "Rate Limit", "default": 150, "required": false}, {"hint": "Timeout in seconds", "name": "timeout", "type": "number", "label": "Request Timeout", "default": 10, "required": false}]}', 'LOW', 0, NULL, 'STANDARD', NULL, NULL, NULL);
INSERT INTO public.scan_template (id, category, test_type, tool_name, name, description, command_template, timeout_seconds, output_format, created_at, updated_at, parameter_schema, risk_level, version, security_domain, scan_profile, estimated_duration_seconds, cwe_coverage, owasp_coverage) VALUES (88, 'WEB', 'UI_TEST', 'WEBDRIVER', 'WebDriver UI Test', 'Execute YAML-defined UI tests via Selenium WebDriver', 'webdriver-execute ${yaml_content}', 1800, 'JSON', '2026-01-24 07:37:25.188475', '2026-01-24 07:37:25.188475', '{"parameters": [{"name": "yamlContent", "type": "hidden"}, {"name": "pageObjects", "type": "hidden"}, {"name": "variables", "type": "hidden"}]}', 'LOW', 0, NULL, 'STANDARD', NULL, NULL, NULL);
INSERT INTO public.scan_template (id, category, test_type, tool_name, name, description, command_template, timeout_seconds, output_format, created_at, updated_at, parameter_schema, risk_level, version, security_domain, scan_profile, estimated_duration_seconds, cwe_coverage, owasp_coverage) VALUES (51, 'PERFORMANCE', 'LOAD_TEST', 'ARTILLERY', 'Artillery Medium Load Test', 'Medium load test - 20 RPS for 30 seconds', 'artillery quick ${target} -c 20 -n 50 -o /tmp/report.json', 300, 'JSON', '2026-01-04 19:31:00.049033', '2026-01-04 19:31:00.049033', '{"vus": 20, "requests": 50}', 'LOW', 0, NULL, 'STANDARD', NULL, NULL, NULL);
INSERT INTO public.scan_template (id, category, test_type, tool_name, name, description, command_template, timeout_seconds, output_format, created_at, updated_at, parameter_schema, risk_level, version, security_domain, scan_profile, estimated_duration_seconds, cwe_coverage, owasp_coverage) VALUES (64, 'WEB', 'vulnerability', 'NIKTO_WEB_CUSTOM', 'Nikto Web Vulnerability Scanner', 'Performs comprehensive web server vulnerability scanning using nikto', 'SCRIPT:NIKTO_WEB_CUSTOM', 3600, 'JSON', '2026-01-07 06:25:10.812', '2026-01-08 07:37:28.656', '{"parameters": [{"name": "port", "type": "text", "label": "Port", "default": "", "required": false, "description": "Target port number", "placeholder": "443, 8080"}, {"name": "ssl", "type": "checkbox", "label": "Force SSL/HTTPS", "default": false, "required": false, "description": "Force SSL connection", "checkboxValue": "true"}, {"hint": "1=Files 2=Misconfig 3=Info 4=XSS 5=File Retrieval 6=DoS 7=RCE 8=SQLi 9=Auth Bypass 0=Upload a=Auth b=Software c=Remote d=WebService e=Admin x=Reverse", "name": "tuning", "type": "text", "label": "Scan Tuning", "default": "", "required": false, "description": "Plugin selection tuning"}, {"name": "maxtime", "type": "number", "label": "Max Scan Time (seconds)", "default": "", "required": false, "description": "Maximum scan duration in seconds", "placeholder": "300"}]}', 'LOW', 0, NULL, 'STANDARD', NULL, NULL, NULL);
INSERT INTO public.scan_template (id, category, test_type, tool_name, name, description, command_template, timeout_seconds, output_format, created_at, updated_at, parameter_schema, risk_level, version, security_domain, scan_profile, estimated_duration_seconds, cwe_coverage, owasp_coverage) VALUES (80, 'DATABASE', 'SQL_INJECTION', 'SQLMAP', 'SQLMap Site Discovery Scan', 'Automatically crawl a website to discover ALL pages with parameters, then test each for SQL injection. Best for comprehensive security assessments. The crawler will find login forms, search pages, and any URL with query parameters.', 'sqlmap -u ${url} ${crawl} ${forms} ${level} ${risk} ${threads} ${dbms} ${technique} ${dbs} ${tables} ${dump} --batch --output-dir=${output_dir}', 14400, 'JSON', '2026-01-17 22:48:31.03188', '2026-01-17 22:48:31.03188', '{"parameters": [{"hint": "1=Safe  2=Moderate (default for deep)  3=Aggressive", "name": "risk", "type": "text", "label": "Risk Level", "default": "2", "required": false, "description": "Risk of tests (1-3)"}, {"hint": "1=Basic  2=Cookie  3=Headers (default for deep)  4=More  5=All", "name": "level", "type": "text", "label": "Test Level", "default": "3", "required": false, "description": "Level of tests (1-5)"}, {"name": "dbms", "type": "text", "label": "Target DBMS", "default": "", "required": false, "description": "Force specific database type", "placeholder": "mysql, postgresql, mssql, oracle"}, {"hint": "B=Boolean E=Error U=Union S=Stacked T=Time Q=Inline", "name": "technique", "type": "text", "label": "Injection Techniques", "default": "", "required": false, "description": "Techniques to test (BEUSTQ)"}, {"name": "threads", "type": "number", "label": "Threads", "default": 3, "required": false, "description": "Concurrent threads"}, {"name": "forms", "type": "checkbox", "label": "Test Forms", "default": true, "required": false, "description": "Test HTML forms on the page", "checkboxValue": "true"}, {"hint": "0=Disabled  1-5=Depth. Discovers URLs with parameters automatically.", "name": "crawl", "type": "text", "label": "Crawl Depth", "default": "2", "required": false, "description": "Crawl the site to discover injectable pages (0-5)"}]}', 'HIGH', 0, NULL, 'STANDARD', NULL, NULL, NULL);
INSERT INTO public.scan_template (id, category, test_type, tool_name, name, description, command_template, timeout_seconds, output_format, created_at, updated_at, parameter_schema, risk_level, version, security_domain, scan_profile, estimated_duration_seconds, cwe_coverage, owasp_coverage) VALUES (2, 'INFRASTRUCTURE', 'PORT_SCAN', 'NMAP', 'Nmap Full TCP Scan', 'Comprehensive TCP scan with version detection', 'nmap -sT -sV -p- ${target} -oX ${output_file}', 7200, 'XML', '2025-12-19 08:05:16.3901', '2025-12-19 08:05:16.3901', '{"parameters": [{"name": "no_ping", "type": "checkbox", "label": "Skip Ping Check (-Pn)", "default": false, "required": false, "description": "Treat host as online without ping. Required for firewalled hosts.", "checkboxValue": "true"}, {"name": "os_detection", "type": "checkbox", "label": "OS Detection (-O)", "default": false, "required": false, "description": "Attempt to identify the operating system", "checkboxValue": "true"}, {"hint": "0=Paranoid 1=Sneaky 2=Polite 3=Normal 4=Aggressive 5=Insane", "name": "timing", "type": "text", "label": "Timing Template (0-5)", "default": "4", "required": false, "description": "Scan speed"}]}', 'LOW', 0, NULL, 'STANDARD', NULL, NULL, NULL);
INSERT INTO public.scan_template (id, category, test_type, tool_name, name, description, command_template, timeout_seconds, output_format, created_at, updated_at, parameter_schema, risk_level, version, security_domain, scan_profile, estimated_duration_seconds, cwe_coverage, owasp_coverage) VALUES (38, 'NETWORK', 'vulnerability', 'NMAP', 'NSE Vulnerability Scan', 'Scan for known vulnerabilities using the vuln NSE category. Checks for CVEs and common misconfigurations.', 'nmap -sT -sV --script=vuln -p {{ports:1-1000}} -T{{timing:4}} -oX - {{target}}', 900, 'xml', '2026-01-02 06:19:48.019345', '2026-01-02 06:19:48.019345', '{"parameters": [{"name": "ports", "type": "text", "label": "Port Range", "default": "1-1000", "required": false, "description": "Ports to scan", "placeholder": "1-1000, 22,80,443"}, {"hint": "0=Paranoid 1=Sneaky 2=Polite 3=Normal 4=Aggressive 5=Insane", "name": "timing", "type": "text", "label": "Timing (0-5)", "default": "4", "required": false, "description": "Scan speed"}, {"name": "no_ping", "type": "checkbox", "label": "Skip Ping (-Pn)", "default": false, "required": false, "description": "Required for firewalled hosts that block ICMP", "checkboxValue": "true"}]}', 'MEDIUM', 0, NULL, 'STANDARD', NULL, NULL, NULL);
INSERT INTO public.scan_template (id, category, test_type, tool_name, name, description, command_template, timeout_seconds, output_format, created_at, updated_at, parameter_schema, risk_level, version, security_domain, scan_profile, estimated_duration_seconds, cwe_coverage, owasp_coverage) VALUES (39, 'NETWORK', 'vulnerability', 'NMAP', 'Common Vulnerability Check', 'Check for common vulnerabilities including Heartbleed, EternalBlue, Shellshock, and SMB vulnerabilities.', 'nmap -sT -sV --script=ssl-heartbleed,smb-vuln-ms17-010,smb-vuln-ms08-067,http-shellshock,http-vuln-cve2017-5638 -p {{ports:21-25,80,139,443,445,8080}} -T{{timing:4}} -oX - {{target}}', 600, 'xml', '2026-01-02 06:19:48.020191', '2026-01-02 06:19:48.020191', '{"parameters": [{"name": "ports", "type": "text", "label": "Port Range", "default": "1-1000", "required": false, "description": "Ports to scan", "placeholder": "1-1000, 22,80,443"}, {"hint": "0=Paranoid 1=Sneaky 2=Polite 3=Normal 4=Aggressive 5=Insane", "name": "timing", "type": "text", "label": "Timing (0-5)", "default": "4", "required": false, "description": "Scan speed"}, {"name": "no_ping", "type": "checkbox", "label": "Skip Ping (-Pn)", "default": false, "required": false, "description": "Required for firewalled hosts that block ICMP", "checkboxValue": "true"}]}', 'MEDIUM', 0, NULL, 'STANDARD', NULL, NULL, NULL);
INSERT INTO public.scan_template (id, category, test_type, tool_name, name, description, command_template, timeout_seconds, output_format, created_at, updated_at, parameter_schema, risk_level, version, security_domain, scan_profile, estimated_duration_seconds, cwe_coverage, owasp_coverage) VALUES (40, 'WEB', 'enumeration', 'NMAP', 'HTTP Service Enumeration', 'Enumerate HTTP services including titles, headers, methods, robots.txt, and sitemap.', 'nmap -sT -sV --script=http-title,http-headers,http-methods,http-robots.txt,http-sitemap-generator,http-server-header -p {{ports:80,443,8080,8443}} -T{{timing:4}} -oX - {{target}}', 300, 'xml', '2026-01-02 06:19:48.020997', '2026-01-02 06:19:48.020997', '{"parameters": [{"name": "ports", "type": "text", "label": "Port Range", "default": "1-1000", "required": false, "description": "Ports to scan", "placeholder": "1-1000, 22,80,443"}, {"hint": "0=Paranoid 1=Sneaky 2=Polite 3=Normal 4=Aggressive 5=Insane", "name": "timing", "type": "text", "label": "Timing (0-5)", "default": "4", "required": false, "description": "Scan speed"}, {"name": "no_ping", "type": "checkbox", "label": "Skip Ping (-Pn)", "default": false, "required": false, "description": "Required for firewalled hosts that block ICMP", "checkboxValue": "true"}]}', 'LOW', 0, NULL, 'STANDARD', NULL, NULL, NULL);
INSERT INTO public.scan_template (id, category, test_type, tool_name, name, description, command_template, timeout_seconds, output_format, created_at, updated_at, parameter_schema, risk_level, version, security_domain, scan_profile, estimated_duration_seconds, cwe_coverage, owasp_coverage) VALUES (41, 'WEB', 'vulnerability', 'NMAP', 'HTTP Vulnerability Check', 'Check for HTTP-specific vulnerabilities including Shellshock, slowloris, and common web vulns.', 'nmap -sT -sV --script=http-vuln-*,http-shellshock,http-slowloris-check,http-sql-injection -p {{ports:80,443,8080,8443}} -T{{timing:4}} -oX - {{target}}', 600, 'xml', '2026-01-02 06:19:48.021766', '2026-01-02 06:19:48.021766', '{"parameters": [{"name": "ports", "type": "text", "label": "Port Range", "default": "1-1000", "required": false, "description": "Ports to scan", "placeholder": "1-1000, 22,80,443"}, {"hint": "0=Paranoid 1=Sneaky 2=Polite 3=Normal 4=Aggressive 5=Insane", "name": "timing", "type": "text", "label": "Timing (0-5)", "default": "4", "required": false, "description": "Scan speed"}, {"name": "no_ping", "type": "checkbox", "label": "Skip Ping (-Pn)", "default": false, "required": false, "description": "Required for firewalled hosts that block ICMP", "checkboxValue": "true"}]}', 'MEDIUM', 0, NULL, 'STANDARD', NULL, NULL, NULL);
INSERT INTO public.scan_template (id, category, test_type, tool_name, name, description, command_template, timeout_seconds, output_format, created_at, updated_at, parameter_schema, risk_level, version, security_domain, scan_profile, estimated_duration_seconds, cwe_coverage, owasp_coverage) VALUES (43, 'DATABASE', 'discovery', 'NMAP', 'Database Service Discovery', 'Discover and enumerate database services (MySQL, PostgreSQL, MongoDB, Redis, MSSQL).', 'nmap -sT -sV --script=mysql-info,mysql-databases,pgsql-brute,mongodb-info,redis-info,ms-sql-info -p {{ports:3306,5432,27017,6379,1433,1521}} -T{{timing:4}} -oX - {{target}}', 300, 'xml', '2026-01-02 06:19:48.023287', '2026-01-02 06:19:48.023287', '{"parameters": [{"name": "ports", "type": "text", "label": "Port Range", "default": "1-1000", "required": false, "description": "Ports to scan", "placeholder": "1-1000, 22,80,443"}, {"hint": "0=Paranoid 1=Sneaky 2=Polite 3=Normal 4=Aggressive 5=Insane", "name": "timing", "type": "text", "label": "Timing (0-5)", "default": "4", "required": false, "description": "Scan speed"}, {"name": "no_ping", "type": "checkbox", "label": "Skip Ping (-Pn)", "default": false, "required": false, "description": "Required for firewalled hosts that block ICMP", "checkboxValue": "true"}]}', 'LOW', 0, NULL, 'STANDARD', NULL, NULL, NULL);
INSERT INTO public.scan_template (id, category, test_type, tool_name, name, description, command_template, timeout_seconds, output_format, created_at, updated_at, parameter_schema, risk_level, version, security_domain, scan_profile, estimated_duration_seconds, cwe_coverage, owasp_coverage) VALUES (44, 'NETWORK', 'authentication', 'NMAP', 'Authentication Methods Check', 'Check authentication methods and look for weak authentication configurations.', 'nmap -sT -sV --script=auth,ssh-auth-methods,ftp-anon,http-auth,smtp-open-relay -p {{ports:21-25,22,80,110,143,443,993,995}} -T{{timing:4}} -oX - {{target}}', 600, 'xml', '2026-01-02 06:19:48.024178', '2026-01-02 06:19:48.024178', '{"parameters": [{"name": "ports", "type": "text", "label": "Port Range", "default": "1-1000", "required": false, "description": "Ports to scan", "placeholder": "1-1000, 22,80,443"}, {"hint": "0=Paranoid 1=Sneaky 2=Polite 3=Normal 4=Aggressive 5=Insane", "name": "timing", "type": "text", "label": "Timing (0-5)", "default": "4", "required": false, "description": "Scan speed"}, {"name": "no_ping", "type": "checkbox", "label": "Skip Ping (-Pn)", "default": false, "required": false, "description": "Required for firewalled hosts that block ICMP", "checkboxValue": "true"}]}', 'MEDIUM', 0, NULL, 'STANDARD', NULL, NULL, NULL);
INSERT INTO public.scan_template (id, category, test_type, tool_name, name, description, command_template, timeout_seconds, output_format, created_at, updated_at, parameter_schema, risk_level, version, security_domain, scan_profile, estimated_duration_seconds, cwe_coverage, owasp_coverage) VALUES (45, 'INFRASTRUCTURE', 'malware', 'NMAP', 'Malware Indicator Detection', 'Check for known malware indicators and backdoors.', 'nmap -sT -sV --script=malware -p {{ports:1-1000}} -T{{timing:4}} -oX - {{target}}', 900, 'xml', '2026-01-02 06:19:48.024954', '2026-01-02 06:19:48.024954', '{"parameters": [{"name": "ports", "type": "text", "label": "Port Range", "default": "1-1000", "required": false, "description": "Ports to scan", "placeholder": "1-1000, 22,80,443"}, {"hint": "0=Paranoid 1=Sneaky 2=Polite 3=Normal 4=Aggressive 5=Insane", "name": "timing", "type": "text", "label": "Timing (0-5)", "default": "4", "required": false, "description": "Scan speed"}, {"name": "no_ping", "type": "checkbox", "label": "Skip Ping (-Pn)", "default": false, "required": false, "description": "Required for firewalled hosts that block ICMP", "checkboxValue": "true"}]}', 'MEDIUM', 0, NULL, 'STANDARD', NULL, NULL, NULL);
INSERT INTO public.scan_template (id, category, test_type, tool_name, name, description, command_template, timeout_seconds, output_format, created_at, updated_at, parameter_schema, risk_level, version, security_domain, scan_profile, estimated_duration_seconds, cwe_coverage, owasp_coverage) VALUES (46, 'NETWORK', 'audit', 'NMAP', 'Comprehensive Security Audit', 'Full security audit using multiple NSE categories. May trigger security alerts. Use with caution.', 'nmap -sT -sV -O --script=default,safe,vuln,auth -p {{ports:1-65535}} -T{{timing:4}} -oX - {{target}}', 3600, 'xml', '2026-01-02 06:19:48.025766', '2026-01-02 06:19:48.025766', '{"parameters": [{"name": "ports", "type": "text", "label": "Port Range", "default": "1-1000", "required": false, "description": "Ports to scan", "placeholder": "1-1000, 22,80,443"}, {"hint": "0=Paranoid 1=Sneaky 2=Polite 3=Normal 4=Aggressive 5=Insane", "name": "timing", "type": "text", "label": "Timing (0-5)", "default": "4", "required": false, "description": "Scan speed"}, {"name": "no_ping", "type": "checkbox", "label": "Skip Ping (-Pn)", "default": false, "required": false, "description": "Required for firewalled hosts that block ICMP", "checkboxValue": "true"}]}', 'HIGH', 0, NULL, 'STANDARD', NULL, NULL, NULL);
INSERT INTO public.scan_template (id, category, test_type, tool_name, name, description, command_template, timeout_seconds, output_format, created_at, updated_at, parameter_schema, risk_level, version, security_domain, scan_profile, estimated_duration_seconds, cwe_coverage, owasp_coverage) VALUES (47, 'NETWORK', 'brute_force', 'NMAP', 'Credential Brute Force (AUTHORIZED ONLY)', 'Brute force credential testing. ONLY use with explicit authorization. May lock accounts.', 'nmap -sT -sV --script=brute -p {{ports:21,22,23,25,80,110,143,443,993,995,3306,5432}} -T{{timing:3}} -oX - {{target}}', 1800, 'xml', '2026-01-02 06:19:48.026553', '2026-01-02 06:19:48.026553', '{"parameters": [{"name": "ports", "type": "text", "label": "Port Range", "default": "1-1000", "required": false, "description": "Ports to scan", "placeholder": "1-1000, 22,80,443"}, {"hint": "0=Paranoid 1=Sneaky 2=Polite 3=Normal 4=Aggressive 5=Insane", "name": "timing", "type": "text", "label": "Timing (0-5)", "default": "4", "required": false, "description": "Scan speed"}, {"name": "no_ping", "type": "checkbox", "label": "Skip Ping (-Pn)", "default": false, "required": false, "description": "Required for firewalled hosts that block ICMP", "checkboxValue": "true"}]}', 'HIGH', 0, NULL, 'STANDARD', NULL, NULL, NULL);
INSERT INTO public.scan_template (id, category, test_type, tool_name, name, description, command_template, timeout_seconds, output_format, created_at, updated_at, parameter_schema, risk_level, version, security_domain, scan_profile, estimated_duration_seconds, cwe_coverage, owasp_coverage) VALUES (48, 'NETWORK', 'intrusive', 'NMAP', 'Intrusive Security Scan', 'Intrusive scanning that may trigger IDS/IPS alerts and consume target resources.', 'nmap -sT -sV --script=intrusive -p {{ports:1-1000}} -T{{timing:4}} -oX - {{target}}', 1200, 'xml', '2026-01-02 06:19:48.027424', '2026-01-02 06:19:48.027424', '{"parameters": [{"name": "ports", "type": "text", "label": "Port Range", "default": "1-1000", "required": false, "description": "Ports to scan", "placeholder": "1-1000, 22,80,443"}, {"hint": "0=Paranoid 1=Sneaky 2=Polite 3=Normal 4=Aggressive 5=Insane", "name": "timing", "type": "text", "label": "Timing (0-5)", "default": "4", "required": false, "description": "Scan speed"}, {"name": "no_ping", "type": "checkbox", "label": "Skip Ping (-Pn)", "default": false, "required": false, "description": "Required for firewalled hosts that block ICMP", "checkboxValue": "true"}]}', 'HIGH', 0, NULL, 'STANDARD', NULL, NULL, NULL);
INSERT INTO public.scan_template (id, category, test_type, tool_name, name, description, command_template, timeout_seconds, output_format, created_at, updated_at, parameter_schema, risk_level, version, security_domain, scan_profile, estimated_duration_seconds, cwe_coverage, owasp_coverage) VALUES (49, 'NETWORK', 'exploitation', 'NMAP', 'Exploitation Testing (PENTEST ONLY)', 'Attempt exploitation of known vulnerabilities. FOR AUTHORIZED PENETRATION TESTING ONLY. May crash services.', 'nmap -sT -sV --script=exploit -p {{ports:1-1000}} -T{{timing:3}} -oX - {{target}}', 1800, 'xml', '2026-01-02 06:19:48.028143', '2026-01-02 06:19:48.028143', '{"parameters": [{"name": "ports", "type": "text", "label": "Port Range", "default": "1-1000", "required": false, "description": "Ports to scan", "placeholder": "1-1000, 22,80,443"}, {"hint": "0=Paranoid 1=Sneaky 2=Polite 3=Normal 4=Aggressive 5=Insane", "name": "timing", "type": "text", "label": "Timing (0-5)", "default": "4", "required": false, "description": "Scan speed"}, {"name": "no_ping", "type": "checkbox", "label": "Skip Ping (-Pn)", "default": false, "required": false, "description": "Required for firewalled hosts that block ICMP", "checkboxValue": "true"}]}', 'CRITICAL', 0, NULL, 'STANDARD', NULL, NULL, NULL);
INSERT INTO public.scan_template (id, category, test_type, tool_name, name, description, command_template, timeout_seconds, output_format, created_at, updated_at, parameter_schema, risk_level, version, security_domain, scan_profile, estimated_duration_seconds, cwe_coverage, owasp_coverage) VALUES (42, 'NETWORK', 'enumeration', 'NMAP', 'SMB Service Enumeration', 'Enumerate SMB shares, users, and check for SMB vulnerabilities including EternalBlue.', 'nmap -sT -sV --script=smb-enum-shares,smb-enum-users,smb-enum-sessions,smb-os-discovery,smb-security-mode,smb-vuln-* -p {{ports:139,445}} -T{{timing:4}} -oX - {{target}}', 600, 'xml', '2026-01-02 06:19:48.022529', '2026-01-02 06:19:48.022529', '{"parameters": [{"name": "ports", "type": "text", "label": "Port Range", "default": "1-1000", "required": false, "description": "Ports to scan", "placeholder": "1-1000, 22,80,443"}, {"hint": "0=Paranoid 1=Sneaky 2=Polite 3=Normal 4=Aggressive 5=Insane", "name": "timing", "type": "text", "label": "Timing (0-5)", "default": "4", "required": false, "description": "Scan speed"}, {"name": "no_ping", "type": "checkbox", "label": "Skip Ping (-Pn)", "default": false, "required": false, "description": "Required for firewalled hosts that block ICMP", "checkboxValue": "true"}]}', 'MEDIUM', 0, NULL, 'STANDARD', NULL, NULL, NULL);
INSERT INTO public.scan_template (id, category, test_type, tool_name, name, description, command_template, timeout_seconds, output_format, created_at, updated_at, parameter_schema, risk_level, version, security_domain, scan_profile, estimated_duration_seconds, cwe_coverage, owasp_coverage) VALUES (22, 'WEB', 'VULNERABILITY_SCAN', 'ZAP', 'OWASP ZAP Security Scan', 'OWASP ZAP web application security scanner. Parameters: target (URL to scan, e.g., http://testphp.vulnweb.com), output_file (auto-generated), scan_type (optional: leave empty OR "quick" for passive scan [fastest, default], "full" for spider+active+passive scan [thorough but slow, 10-20 min], "api" for API-only passive scan), max_duration (optional: spider timeout in minutes, default 5, examples: 3, 10, 15)', '/usr/local/bin/zap-scan-wrapper.sh ${target} ${output_file} ${scan_type} ${max_duration}', 1800, 'JSON', '2025-12-26 23:34:13.477865', '2025-12-26 23:34:13.477865', '{"parameters": [{"hint": "Quick: passive checks only. Full: includes spidering and active attack scanning.", "name": "scan_type", "type": "select", "label": "Scan Type", "default": "quick", "options": [{"label": "Quick Scan (passive, ~5 min)", "value": "quick"}, {"label": "Full Scan (spider + active + AJAX, ~15-30 min)", "value": "full"}], "required": false, "description": "ZAP scan mode - quick is faster, full is more thorough"}]}', 'MEDIUM', 0, NULL, 'STANDARD', NULL, NULL, NULL);
INSERT INTO public.scan_template (id, category, test_type, tool_name, name, description, command_template, timeout_seconds, output_format, created_at, updated_at, parameter_schema, risk_level, version, security_domain, scan_profile, estimated_duration_seconds, cwe_coverage, owasp_coverage) VALUES (21, 'WEB', 'WEB_SECURITY', 'NIKTO', 'Nikto Web Server Scan', 'Comprehensive web server scanner that tests for over 6700 potentially dangerous files/programs, outdated versions, and server configuration issues.', 'nikto -h ${target} ${port} ${ssl} ${tuning} ${plugins} ${maxtime} -o ${output_file} -Format txt', 1800, 'TEXT', '2025-12-26 04:37:32.545786', '2025-12-26 04:37:32.545786', '{"parameters": [{"hint": "Format: <number><unit> where unit is s (seconds), m (minutes), or h (hours). Examples: 5m, 10m, 30m", "name": "maxtime", "type": "text", "label": "Max Scan Time", "format": "-maxtime {value}", "default": "10m", "required": false, "description": "Maximum scan duration. Leave empty for no limit.", "placeholder": "10m"}, {"hint": "Enter a single port number between 1-65535", "name": "port", "type": "number", "label": "Port", "format": "-port {value}", "required": false, "description": "Target port (optional, default: 80 for HTTP, 443 for HTTPS)", "placeholder": "80"}, {"hint": "Check this box if the target uses HTTPS", "name": "ssl", "type": "checkbox", "label": "Use SSL/HTTPS", "required": false, "description": "Force SSL/HTTPS mode on the specified port", "checkboxValue": "-ssl"}, {"hint": "Format: Concatenated digits (NO commas, NO spaces). Examples: ''1'' (only Interesting Files), ''123'' (Files + Config + Info), ''4'' (only XSS/Injection). Options: 1=Files, 2=Config, 3=Info, 4=XSS/Injection, 5=RFI-WebRoot, 6=DoS, 7=RFI-ServerWide, 8=Cmd Exec, 9=SQL Injection, 0=File Upload, a=Auth Bypass, b=Software ID, c=Source Inclusion, x=Reverse (all EXCEPT specified)", "name": "tuning", "type": "text", "label": "Scan Tuning", "format": "-Tuning {value}", "required": false, "description": "Select which test categories to run (see options below)", "placeholder": "123"}, {"hint": "⚠️ LEAVE EMPTY (recommended) - Using @@ALL causes output truncation bug. Leave empty to use default plugins for complete results.", "name": "plugins", "type": "text", "label": "Plugins", "format": "-Plugins {value}", "default": "", "required": false, "description": "Specify which plugins to run (optional, advanced)", "placeholder": ""}]}', 'LOW', 0, NULL, 'STANDARD', NULL, NULL, NULL);
INSERT INTO public.scan_template (id, category, test_type, tool_name, name, description, command_template, timeout_seconds, output_format, created_at, updated_at, parameter_schema, risk_level, version, security_domain, scan_profile, estimated_duration_seconds, cwe_coverage, owasp_coverage) VALUES (81, 'MOBILE', 'MOBILE_UI_TEST', 'APPIUM', 'Appium Mobile Test', 'Execute mobile UI test via Appium', '', 600, 'JSON', '2026-02-08 02:41:10.438176', '2026-02-08 02:41:10.438176', '{"parameters": [{"name": "platform", "type": "select", "label": "Platform", "default": "ANDROID", "options": [{"label": "Android", "value": "ANDROID"}, {"label": "iOS", "value": "IOS"}], "required": true}]}', 'LOW', 0, NULL, 'STANDARD', NULL, NULL, NULL);
INSERT INTO public.scan_template (id, category, test_type, tool_name, name, description, command_template, timeout_seconds, output_format, created_at, updated_at, parameter_schema, risk_level, version, security_domain, scan_profile, estimated_duration_seconds, cwe_coverage, owasp_coverage) VALUES (82, 'MOBILE', 'MOBILE_INSPECTION', 'APPIUM_INSPECTOR', 'Appium Element Inspector', 'Discover mobile app elements via Appium', '', 300, 'JSON', '2026-02-08 02:41:10.445867', '2026-02-08 02:41:10.445867', '{"parameters": [{"name": "depth", "type": "number", "label": "Screen Depth", "default": 3, "required": false, "description": "How many screens deep to traverse"}]}', 'LOW', 0, NULL, 'STANDARD', NULL, NULL, NULL);


--
-- Data for Name: scan_preset; Type: TABLE DATA; Schema: public; Owner: -
--

INSERT INTO public.scan_preset (id, name, description, scan_template_id, target_pattern, parameters, tags, category, created_by, created_at, updated_at, last_used_at, is_public, is_favorite, execution_count, version) VALUES (1, 'Quick Web Scan', 'Fast 60-second Nikto scan for quick assessments and development testing', 21, '${TARGET}', '{"maxtime":"-maxtime 60s","tuning":"-Tuning 1","plugins":"","port":"","ssl":""}', 'quick,web,dev', 'security', 'system', '2025-12-26 08:31:36.889076', '2025-12-26 08:31:36.889076', NULL, true, false, 0, 0);
INSERT INTO public.scan_preset (id, name, description, scan_template_id, target_pattern, parameters, tags, category, created_by, created_at, updated_at, last_used_at, is_public, is_favorite, execution_count, version) VALUES (3, 'Comprehensive Assessment', 'Thorough 5-minute security scan with extensive tuning for deep analysis', 21, '${TARGET}', '{"maxtime":"-maxtime 300s","tuning":"-Tuning 123456789","plugins":"","port":"","ssl":""}', 'comprehensive,thorough,monthly', 'security', 'system', '2025-12-26 08:31:36.889076', '2025-12-26 08:31:36.889076', NULL, true, false, 0, 0);
INSERT INTO public.scan_preset (id, name, description, scan_template_id, target_pattern, parameters, tags, category, created_by, created_at, updated_at, last_used_at, is_public, is_favorite, execution_count, version) VALUES (4, 'SSL/TLS Security Check', 'Focus on SSL/TLS configuration and HTTPS security', 21, '${TARGET}', '{"maxtime":"-maxtime 90s","tuning":"-Tuning 23","plugins":"","port":"","ssl":"-ssl"}', 'ssl,tls,https', 'security', 'system', '2025-12-26 08:31:36.889076', '2025-12-26 08:31:36.889076', NULL, true, false, 0, 0);
INSERT INTO public.scan_preset (id, name, description, scan_template_id, target_pattern, parameters, tags, category, created_by, created_at, updated_at, last_used_at, is_public, is_favorite, execution_count, version) VALUES (5, 'My Custom Scan', 'Testing preset creation', 21, '${TARGET}', '{"maxtime":"-maxtime 30s","tuning":"-Tuning 1"}', 'test,custom', 'test', 'presettest', '2025-12-26 22:30:41.312', '2025-12-26 22:30:41.312', NULL, false, true, 0, 0);
INSERT INTO public.scan_preset (id, name, description, scan_template_id, target_pattern, parameters, tags, category, created_by, created_at, updated_at, last_used_at, is_public, is_favorite, execution_count, version) VALUES (2, 'Standard Security Audit', 'Comprehensive Nikto scan with tuning 1234 for regular security assessments', 21, '${TARGET}', '{"maxtime":"-maxtime 120s","tuning":"-Tuning 1234","plugins":"","port":"","ssl":""}', 'standard,audit,production', 'security', 'system', '2025-12-26 08:31:36.889076', '2025-12-26 23:00:22.073692', '2025-12-26 23:00:22.11', true, false, 1, 0);
INSERT INTO public.scan_preset (id, name, description, scan_template_id, target_pattern, parameters, tags, category, created_by, created_at, updated_at, last_used_at, is_public, is_favorite, execution_count, version) VALUES (6, 'my preset 1', 'for dev env', 21, 'http://testphp.vulnweb.com', '{"ssl": "", "port": "", "tuning": "", "maxtime": "-maxtime 100s", "plugins": ""}', 'dev', 'security', 'testuser', '2025-12-26 22:48:36.961', '2025-12-27 06:40:34.429113', '2025-12-27 06:40:34.458', false, false, 2, 0);
INSERT INTO public.scan_preset (id, name, description, scan_template_id, target_pattern, parameters, tags, category, created_by, created_at, updated_at, last_used_at, is_public, is_favorite, execution_count, version) VALUES (7, 'ZAP Baseline Scan', 'Quick passive ZAP scan (5 min spider + passive scan). Fast and non-intrusive.', 22, '${TARGET}', '{"scan_type":"","max_duration":"5"}', '{baseline,ci-cd,passive,quick}', 'security', 'system', '2025-12-26 23:37:18.941482', '2025-12-27 06:53:37.124149', NULL, true, false, 0, 0);
INSERT INTO public.scan_preset (id, name, description, scan_template_id, target_pattern, parameters, tags, category, created_by, created_at, updated_at, last_used_at, is_public, is_favorite, execution_count, version) VALUES (8, 'ZAP Active Scan', 'Comprehensive ZAP scan with spider, active scan, and passive scan (30 min). Thorough but slow.', 22, '${TARGET}', '{"scan_type":"full","max_duration":"30"}', '{active,comprehensive,spider,thorough}', 'security', 'system', '2025-12-26 23:37:18.95124', '2025-12-27 06:53:37.132018', '2025-12-27 06:37:49.345', true, false, 1, 0);
INSERT INTO public.scan_preset (id, name, description, scan_template_id, target_pattern, parameters, tags, category, created_by, created_at, updated_at, last_used_at, is_public, is_favorite, execution_count, version) VALUES (9, 'ZAP API Security Scan', 'ZAP API security scan (passive only, 15 min). Optimized for REST APIs.', 22, '${TARGET}', '{"scan_type":"api","max_duration":"15"}', '{api,rest,security,info-level}', 'api-security', 'system', '2025-12-26 23:37:18.956703', '2025-12-27 06:53:37.133634', NULL, true, false, 0, 0);
INSERT INTO public.scan_preset (id, name, description, scan_template_id, target_pattern, parameters, tags, category, created_by, created_at, updated_at, last_used_at, is_public, is_favorite, execution_count, version) VALUES (10, 'ZAP Quick Scan', 'Ultra-fast ZAP baseline scan (3 min spider + passive). Good for quick checks.', 22, '${TARGET}', '{"scan_type":"","max_duration":"3"}', '{quick,fast,validation}', 'security', 'system', '2025-12-26 23:37:18.958363', '2026-01-21 09:26:44.721086', '2026-01-21 09:26:44.795', true, false, 1, 1);


--
-- Data for Name: user_roles; Type: TABLE DATA; Schema: public; Owner: -
--

INSERT INTO public.user_roles (user_id, role, version) VALUES (1, 'VIEWER', 0);
INSERT INTO public.user_roles (user_id, role, version) VALUES (1, 'ADMIN', 0);
INSERT INTO public.user_roles (user_id, role, version) VALUES (1, 'ANALYST', 0);
INSERT INTO public.user_roles (user_id, role, version) VALUES (2, 'VIEWER', 0);
INSERT INTO public.user_roles (user_id, role, version) VALUES (3, 'VIEWER', 0);


--
-- Name: api_payload_id_seq; Type: SEQUENCE SET; Schema: public; Owner: -
--

SELECT pg_catalog.setval('public.api_payload_id_seq', 1, false);


--
-- Name: custom_script_id_seq; Type: SEQUENCE SET; Schema: public; Owner: -
--

SELECT pg_catalog.setval('public.custom_script_id_seq', 1, false);


--
-- Name: environments_id_seq; Type: SEQUENCE SET; Schema: public; Owner: -
--

SELECT pg_catalog.setval('public.environments_id_seq', 3, true);


--
-- Name: header_injection_presets_id_seq; Type: SEQUENCE SET; Schema: public; Owner: -
--

SELECT pg_catalog.setval('public.header_injection_presets_id_seq', 1, false);


--
-- Name: license_id_seq; Type: SEQUENCE SET; Schema: public; Owner: -
--

SELECT pg_catalog.setval('public.license_id_seq', 1, true);


--
-- Name: projects_id_seq; Type: SEQUENCE SET; Schema: public; Owner: -
--

SELECT pg_catalog.setval('public.projects_id_seq', 4, true);


--
-- Name: scan_preset_id_seq; Type: SEQUENCE SET; Schema: public; Owner: -
--

SELECT pg_catalog.setval('public.scan_preset_id_seq', 10, true);


--
-- Name: scan_template_id_seq; Type: SEQUENCE SET; Schema: public; Owner: -
--

SELECT pg_catalog.setval('public.scan_template_id_seq', 82, true);


--
-- Name: users_id_seq; Type: SEQUENCE SET; Schema: public; Owner: -
--

SELECT pg_catalog.setval('public.users_id_seq', 3, true);


--
-- PostgreSQL database dump complete
--

\unrestrict kNWwSEOVAjl12snBK3rOnRJIP8PqrWH2F9HzVr2b5rosjJ6V5CfGdtq4u6oSBpx

